case_id,score
57543,0.0638055600930751
57549,0.05122942625389347
57551,0.0497612066133923
57552,0.016824539870200824
57569,0.011461413358553966
57630,0.012657761567677409
57631,0.00838456905729942
57632,0.006309494914879112
57633,0.05106089056106283
57634,0.044985353291223766
